customer_number,first_name,last_name,street_address,city,state,postal_code
1001-01,Kissie,Gillham,507 Warner Avenue,Indianapolis,Indiana,46254
1001-02,Randy,Beauchop,4 Sloan Junction,Saint Louis,Missouri,63150
1001-03,Nicolais,Hardey,9143 Lighthouse Bay Way,Kansas City,Missouri,64160
1001-04,Gerrie,Kurton,20 Hayes Trail,Hartford,Connecticut,6152
1001-05,Nerte,Husher,372 Larry Avenue,Des Moines,Iowa,50362
1001-06,Giles,Olliar,045 Boyd Street,Wichita,Kansas,67230
1001-07,Winnie,Boscher,640 Vidon Park,Lafayette,Indiana,47905
1001-08,Virgil,Odam,73 Victoria Circle,New York City,New York,10110
1001-09,Jeri,Eliesco,47 Lakewood Trail,Huntington,West Virginia,25721
1001-10,Erik,Folks,10672 Farwell Avenue,New Bedford,Massachusetts,2745
1001-11,Ced,Coventry,5746 Mallory Place,Las Vegas,Nevada,89130
1001-12,Vera,Hachard,1 Porter Alley,San Diego,California,92176
1001-13,Irvin,Parrott,198 John Wall Alley,Pomona,California,91797
1001-14,Trix,Simeons,1 Veith Alley,New York City,New York,10165
1001-15,Major,Frankcomb,134 Canary Circle,West Palm Beach,Florida,33405
1001-16,Lezley,Eliyahu,361 Ryan Drive,Boston,Massachusetts,2208
1001-17,Dulcea,Such,467 Melvin Court,Jacksonville,Florida,32230
1001-18,Jacquette,Jell,4 Mcguire Junction,Charleston,West Virginia,25356
1001-19,Amitie,Igglesden,7 Sutteridge Road,Pompano Beach,Florida,33075
1001-20,Anastasia,Meikle,9 Petterle Terrace,West Palm Beach,Florida,33416
1001-21,Rutger,Huburn,87 Fallview Pass,Myrtle Beach,South Carolina,29579
1001-22,Ruth,Ludron,7601 Erie Point,Tulsa,Oklahoma,74108
1001-23,Rosaline,Jeffes,6864 Hallows Lane,Long Beach,California,90810
1001-24,Ethelind,Gribbins,4 Dorton Avenue,Tulsa,Oklahoma,74170
1001-25,Stephi,Aliman,65 Sullivan Plaza,Jefferson City,Missouri,65105
1001-26,Pier,Mosdall,85388 Bobwhite Road,Riverside,California,92513
1001-27,Marshall,August,621 Sauthoff Alley,Birmingham,Alabama,35225
1001-28,Dottie,Wolfinger,57 Eastlawn Junction,Bronx,New York,10464
1001-29,Almira,Pockey,90799 Packers Hill,Santa Ana,California,92705
1001-30,Konstantine,Claasen,0815 Dayton Place,Lubbock,Texas,79415
1001-31,Alexandrina,Wellings,40 Green Ridge Point,Springfield,Massachusetts,1114
1001-32,Jasen,Trayton,9014 Kenwood Hill,Sacramento,California,94237
1001-33,Vicky,Beteriss,29 Kennedy Drive,Burbank,California,91505
1001-34,Celeste,Bleier,592 Shelley Plaza,Milwaukee,Wisconsin,53220
1001-35,Emmy,Stert,9014 Starling Avenue,Chicago,Illinois,60669
1001-36,Eada,Hirjak,98175 Upham Place,Toledo,Ohio,43699
1001-37,Faustina,Sanja,675 Prairieview Junction,Pittsburgh,Pennsylvania,15261
1001-38,Koressa,Beddow,50971 Eggendart Street,Anderson,South Carolina,29625
1001-39,Claudio,Cant,9933 Red Cloud Pass,Washington,District of Columbia,20244
1001-40,Suzie,Waldren,56 Claremont Avenue,Billings,Montana,59112
1001-41,Ralina,Pottinger,74 Coleman Crossing,Fresno,California,93778
1001-42,Kory,Domnin,16829 Dexter Point,Philadelphia,Pennsylvania,19131
1001-43,Davida,Lorence,59 Johnson Lane,Hattiesburg,Mississippi,39404
1001-44,Verile,Barbie,7 High Crossing Avenue,Cincinnati,Ohio,45218
1001-45,Will,Ulster,91 Dixon Trail,San Mateo,California,94405
1001-46,Cloris,Stanbury,48 Walton Court,Montgomery,Alabama,36134
1001-47,Pate,Frew,7 Laurel Court,Bakersfield,California,93381
1001-48,Maurise,Neely,9388 Tennessee Parkway,Mobile,Alabama,36689
1001-49,Adolphus,Prahm,75952 Fuller Road,Saint Louis,Missouri,63116
1001-50,Katusha,Chaffyn,613 Waxwing Crossing,Corpus Christi,Texas,78465
1001-51,Giulietta,Tremble,802 Harper Road,Houston,Texas,77025
1001-52,Tynan,Logue,5879 Melby Hill,Los Angeles,California,90040
1001-53,Ivan,Yeo,9 Russell Avenue,Santa Fe,New Mexico,87505
1001-54,Lissi,Ungerechts,12716 Manufacturers Lane,Amarillo,Texas,79159
1001-55,Bernadette,Askham,3 High Crossing Place,Charleston,South Carolina,29424
1001-56,Aggie,Sanham,04881 Melody Pass,Colorado Springs,Colorado,80925
1001-57,Margalo,Scoyne,5781 Schlimgen Place,Los Angeles,California,90055
1001-58,Gayle,McTeggart,1 Becker Pass,Richmond,Virginia,23285
1001-59,Sinclair,Grinstead,50 Sachtjen Place,Paterson,New Jersey,7505
1001-60,Leanna,Demoge,6 Clemons Terrace,Washington,District of Columbia,20029
1001-61,Willis,Coathup,9 Packers Center,Salt Lake City,Utah,84115
1001-62,Mellie,Player,7508 Kedzie Crossing,Salt Lake City,Utah,84145
1001-63,Valene,Mullinger,9876 Golden Leaf Pass,Greensboro,North Carolina,27415
1001-64,Alexandro,Deal,953 Upham Junction,Hialeah,Florida,33018
1001-65,Husain,Pimer,5523 Browning Drive,Atlanta,Georgia,31190
1001-66,Conan,Adiscot,12453 Maple Place,Denver,Colorado,80299
1001-67,Raleigh,Tilson,3 Warner Place,Montgomery,Alabama,36119
1001-68,Kit,Witham,77436 Meadow Valley Trail,Fresno,California,93740
1001-69,Estella,Blampied,896 Hanover Trail,Philadelphia,Pennsylvania,19151
1001-70,Fredericka,Brashier,55 Park Meadow Place,Tulsa,Oklahoma,74108
1001-71,Boonie,Knappitt,682 Elmside Point,Salt Lake City,Utah,84135
1001-72,Marlo,Copeman,43 Clove Crossing,Pasadena,California,91125
1001-73,Jeffie,Dranfield,27767 Service Avenue,Raleigh,North Carolina,27690
1001-74,Cinnamon,Clingoe,2 Transport Plaza,Minneapolis,Minnesota,55448
1001-75,Kenyon,Palfreeman,51 Katie Road,Columbia,South Carolina,29220
1001-76,Melany,Salzen,646 Gateway Parkway,Montgomery,Alabama,36109
1001-77,Paxon,Lorens,3 Vernon Place,Reno,Nevada,89510
1001-78,Ilsa,Arington,9 Dawn Court,Hollywood,Florida,33023
1001-79,Andrus,Ferriday,5180 Westport Parkway,Austin,Texas,78778
1001-80,Nomi,Nickels,769 Springview Street,Riverside,California,92519
1001-81,Wilek,Barribal,3 Coolidge Pass,Raleigh,North Carolina,27605
1001-82,Cristian,Bigly,8 Granby Lane,Saint Petersburg,Florida,33737
1001-83,Emmerich,Merveille,10 Melody Drive,Columbus,Ohio,43226
1001-84,Foster,Ribchester,06 1st Park,Washington,District of Columbia,20022
1001-85,Darsie,Duran,83 Redwing Hill,Virginia Beach,Virginia,23471
1001-86,Jane,Gorhardt,4037 Stoughton Court,Rockford,Illinois,61110
1001-87,Rodrick,Bareford,2 Luster Lane,Glendale,California,91205
1001-88,Melody,Bointon,52 Calypso Park,San Antonio,Texas,78215
1001-89,Layla,Richel,78 Northport Trail,Miami,Florida,33169
1001-90,Chiquia,Pebworth,26128 Oxford Crossing,Albuquerque,New Mexico,87195
1001-91,Elaine,Silverstone,8 Maple Plaza,Fresno,California,93778
1001-92,Darn,Van Halen,1 Hoepker Alley,Cheyenne,Wyoming,82007
1001-93,Matias,Rubbert,39 Mallory Pass,New York City,New York,10105
1001-94,Juieta,Binch,599 Washington Way,Miami,Florida,33261
1001-95,Marla,Buckley,7 Knutson Terrace,El Paso,Texas,79934
1001-96,Millisent,Mudie,6 Commercial Center,Minneapolis,Minnesota,55423
1001-97,Gerek,Huetson,9 Bonner Place,Saint Louis,Missouri,63110
1001-98,Rheta,Steel,454 Kedzie Avenue,Buffalo,New York,14205
1001-99,Weidar,Athelstan,24112 Sachtjen Court,Wilmington,North Carolina,28405
1002-00,Arty,Peracco,0058 Fair Oaks Place,Albuquerque,New Mexico,87195
1002-01,Gerome,Murrock,708 Cherokee Way,Texarkana,Texas,75507
1002-02,Jannelle,Gulliford,440 Sunnyside Court,San Antonio,Texas,78278
1002-03,Dale,Buckam,7 Muir Lane,Fresno,California,93773
1002-04,Ewart,Fairnie,43 Buell Place,Decatur,Georgia,30089
1002-05,Shem,Shand,63 Eastwood Lane,Arvada,Colorado,80005
1002-06,Leesa,Mainland,21 Scofield Trail,Saint Louis,Missouri,63116
1002-07,Perkin,Horrigan,91 Pine View Avenue,Bowie,Maryland,20719
1002-08,Flem,Phillot,6 Golf View Plaza,Dallas,Texas,75367
1002-09,Hephzibah,Burghill,08 Coolidge Alley,Omaha,Nebraska,68110
1002-10,Daria,Exter,1126 Buhler Circle,Tampa,Florida,33694
1002-11,Elvera,Charlesworth,77366 Banding Hill,Little Rock,Arkansas,72215
1002-12,Mycah,Starte,292 Gale Circle,Irvine,California,92612
1002-13,Anne-corinne,Ferrarello,4 Vera Avenue,Duluth,Minnesota,55805
1002-14,Gilberte,Poland,13591 Elmside Lane,Escondido,California,92030
1002-15,Loreen,Buckenhill,9 Derek Plaza,San Bernardino,California,92424
1002-16,Carlyle,Learoyd,29205 Mccormick Parkway,Utica,New York,13505
1002-17,Dulce,Berisford,00 Annamark Trail,Tampa,Florida,33686
1002-18,Ilyse,Sinclaire,40 Rusk Road,Lynn,Massachusetts,1905
1002-19,Westbrook,Alen,3258 8th Point,Shreveport,Louisiana,71115
1002-20,Boote,Vellender,5 Butterfield Plaza,Washington,District of Columbia,20404
1002-21,Timothy,Gresch,75 Rieder Road,Greenville,South Carolina,29615
1002-22,Griz,Hardaker,147 Memorial Junction,Indianapolis,Indiana,46216
1002-23,Rodolfo,Alders,6 Sherman Hill,Pasadena,California,91117
1002-24,Rickard,Edson,2 Park Meadow Avenue,Memphis,Tennessee,38104
1002-25,Hansiain,McGown,48 Canary Drive,Duluth,Georgia,30096
1002-26,Stacy,Guiton,41100 Carberry Way,Chattanooga,Tennessee,37450
1002-27,Joy,Bayfield,4 Bowman Trail,Springfield,Massachusetts,1129
1002-28,Cherish,Rotchell,89048 Glendale Park,Midland,Texas,79705
1002-29,Priscilla,Ferris,1 Loeprich Plaza,Peoria,Illinois,61629
1002-30,Dwight,Lawlance,0 Florence Park,Alexandria,Virginia,22313
1002-31,Hakim,Hailes,349 Lighthouse Bay Point,Pittsburgh,Pennsylvania,15250
1002-32,Johnny,Saulter,2 Forest Dale Parkway,Philadelphia,Pennsylvania,19172
1002-33,Bartholomeo,Millhill,03004 Melody Parkway,Birmingham,Alabama,35244
1002-34,Brandy,Hellin,2 Pearson Avenue,Gainesville,Georgia,30506
1002-35,Cordell,Gehrtz,19645 Logan Circle,Apache Junction,Arizona,85219
1002-36,Virginia,Wrey,74642 Petterle Street,Pasadena,California,91109
1002-37,Madelyn,Peat,2637 Northridge Road,New York City,New York,10060
1002-38,Shaylah,Arkil,6 Fairfield Terrace,San Antonio,Texas,78265
1002-39,Debi,Jerzycowski,7826 Packers Center,Oceanside,California,92056
1002-40,Shelba,Santore,944 Commercial Street,Washington,District of Columbia,20414
1002-41,Roscoe,Brennenstuhl,7408 Knutson Alley,Los Angeles,California,90055
1002-42,Tilly,Humbles,6 Bluejay Road,Chicago,Illinois,60604
1002-43,Roy,Halversen,5057 Melvin Place,Tampa,Florida,33680
1002-44,Horton,Stronack,8 Fieldstone Drive,Hartford,Connecticut,6140
1002-45,Roobbie,Cawdron,981 Bluestem Lane,Macon,Georgia,31205
1002-46,Ulberto,Kasparski,3940 Westerfield Point,San Jose,California,95160
1002-47,Natalya,Ingles,7881 Sachs Court,Austin,Texas,78778
1002-48,Isabeau,Dyton,9948 Pankratz Alley,Des Moines,Iowa,50362
1002-49,Wrennie,Pardon,2 Sheridan Trail,Houston,Texas,77095
1002-50,Gusella,Legging,8 Kedzie Center,San Diego,California,92145
1002-51,Marillin,Mathivon,49 Mallory Point,San Francisco,California,94142
1002-52,Tobye,Benion,79625 Rusk Road,San Francisco,California,94159
1002-53,Alanson,Paffot,03959 Northview Center,Lexington,Kentucky,40510
1002-54,Dody,Wrixon,892 Crescent Oaks Lane,Saint Petersburg,Florida,33742
1002-55,Sarita,Matfin,1 Utah Alley,Paterson,New Jersey,7505
1002-56,Yale,Laste,426 Memorial Court,Milwaukee,Wisconsin,53225
1002-57,Gretna,Persitt,42 Golf View Alley,Longview,Texas,75605
1002-58,Fredek,Buttress,1816 Morrow Way,West Palm Beach,Florida,33421
1002-59,Christan,Mudge,0431 Merry Trail,Los Angeles,California,90071
1002-60,Shannah,Ramsdale,86812 Di Loreto Avenue,Provo,Utah,84605
1002-61,Modesta,Stranio,35 Barby Avenue,Philadelphia,Pennsylvania,19184
1002-62,Joann,Kleinholz,016 Chinook Park,Chicago,Illinois,60657
1002-63,Tani,Rodden,57964 Macpherson Terrace,Kansas City,Kansas,66160
1002-64,Tatum,Lattimer,216 Dawn Drive,Phoenix,Arizona,85067
1002-65,Ashton,Culham,590 Sullivan Crossing,Las Cruces,New Mexico,88006
1002-66,Harmonie,Duhig,0 Sachtjen Point,Paterson,New Jersey,7522
1002-67,Chrissie,Grasner,5 Sutherland Circle,Bozeman,Montana,59771
1002-68,Asher,Rambaut,02 Muir Circle,Shawnee Mission,Kansas,66210
1002-69,Say,Hurl,48969 Vahlen Park,New York City,New York,10275
1002-70,Rhianon,Kidds,51 Rusk Way,Baton Rouge,Louisiana,70815
1002-71,Carina,Blaze,57 Nelson Circle,Albany,New York,12210
1002-72,Gibby,Skally,21 Lake View Crossing,Bakersfield,California,93386
1002-73,Grantley,Whiles,347 Lighthouse Bay Parkway,Charlotte,North Carolina,28235
1002-74,Joete,Rainsden,61990 Norway Maple Junction,Saint Paul,Minnesota,55172
1002-75,Beverley,Joinson,4 Myrtle Circle,Newton,Massachusetts,2162
1002-76,Tatiania,Pisculli,0 Grim Point,Los Angeles,California,90030
1002-77,Yehudit,Barus,90131 Hanson Trail,Mesa,Arizona,85215
1002-78,Pammy,Siggens,1229 Pearson Alley,Pensacola,Florida,32590
1002-79,Dorotea,Filintsev,0 Blaine Way,Hampton,Virginia,23668
1002-80,Trina,Tolliday,88456 Glacier Hill Road,New Orleans,Louisiana,70149
1002-81,Stanislaw,Banbridge,8 Cardinal Alley,San Francisco,California,94154
1002-82,Tiffi,Balke,8 Hoepker Pass,Cincinnati,Ohio,45254
1002-83,Forrester,Graveston,46560 Washington Court,Chicago,Illinois,60697
1002-84,Allan,Blevin,7 Knutson Center,South Bend,Indiana,46634
1002-85,Imogene,Gierck,389 Kedzie Circle,Minneapolis,Minnesota,55441
1002-86,Rosita,Tethacot,33670 Ilene Way,Florence,South Carolina,29505
1002-87,Maynard,Conachie,674 Summit Crossing,Boston,Massachusetts,2283
1002-88,Ardine,Tonna,296 Annamark Place,Washington,District of Columbia,20599
1002-89,Gerladina,Houlridge,0694 Orin Point,Buffalo,New York,14220
1002-90,Clementius,Gough,61161 Doe Crossing Park,Ann Arbor,Michigan,48107
1002-91,Newton,Shatliffe,74 Charing Cross Avenue,College Station,Texas,77844
1002-92,Florida,Flannery,946 Esch Road,Reno,Nevada,89505
1002-93,Edik,Lingard,85 Bluejay Plaza,Reading,Pennsylvania,19610
1002-94,Darwin,Thurlbourne,6 Washington Pass,Milwaukee,Wisconsin,53225
1002-95,Karly,Dahmel,0064 Dixon Street,Shreveport,Louisiana,71161
1002-96,Marti,Filimore,07 Loeprich Terrace,Wichita,Kansas,67210
1002-97,Robbin,Brambell,3 Badeau Plaza,Topeka,Kansas,66667
1002-98,Natalya,Castell,12 Hansons Lane,Tulsa,Oklahoma,74193
1002-99,Saw,Harmstone,7 Troy Crossing,Indianapolis,Indiana,46266
1003-00,Ede,Mainwaring,7 Stephen Park,Midland,Texas,79710
1003-01,Micaela,Cornthwaite,4 Dovetail Court,Long Beach,California,90831
1003-02,Malinda,Renzullo,4205 Crownhardt Way,Waterbury,Connecticut,6721
1003-03,Elie,Lannon,623 Golf View Point,Pensacola,Florida,32590
1003-04,Weston,Schwaiger,4 Mcguire Avenue,Oakland,California,94627
1003-05,Dulcine,Floch,64341 Eliot Court,Pittsburgh,Pennsylvania,15286
1003-06,Gabe,Moxted,7 Main Park,Dallas,Texas,75231
1003-07,Clarice,Cleiment,3 Mcguire Way,Philadelphia,Pennsylvania,19172
1003-08,Mirabel,Britian,4301 Hallows Park,San Francisco,California,94116
1003-09,Wayne,Mayoh,3 Charing Cross Circle,Springfield,Illinois,62711
1003-10,Kath,Bucktrout,4 Ridge Oak Street,Hartford,Connecticut,6140
1003-11,Arron,Brideoke,80 Colorado Road,Newark,New Jersey,7104
1003-12,Cheston,Severn,4623 Transport Plaza,Crawfordsville,Indiana,47937
1003-13,Pierce,Antonikov,4 Victoria Lane,El Paso,Texas,88530
1003-14,Thain,Ewer,18 Jana Hill,Hartford,Connecticut,6140
1003-15,Nicholas,Moralas,318 Towne Hill,Tampa,Florida,33620
1003-16,Kinsley,Pike,0 Dorton Avenue,Charleston,West Virginia,25305
1003-17,Pat,Teasdale-Markie,7553 Dawn Point,Alexandria,Virginia,22301
1003-18,Dulciana,Bessent,7 Tennyson Hill,Vienna,Virginia,22184
1003-19,Ailsun,Cheng,8 Ronald Regan Drive,Naples,Florida,34102
1003-20,Tedman,Mander,80994 Little Fleur Alley,Van Nuys,California,91406
1003-21,Anatole,Draper,91 Arrowood Court,Washington,District of Columbia,20010
1003-22,Belvia,Tremathack,5 Hovde Pass,Hartford,Connecticut,6160
1003-23,Margaretta,Vitall,84344 2nd Court,Chicago,Illinois,60614
1003-24,Pancho,Maneylaws,28031 Packers Pass,Minneapolis,Minnesota,55417
1003-25,Bear,Walters,5273 Dennis Junction,Saint Petersburg,Florida,33742
1003-26,Jaymee,Harsent,3 Lakewood Place,Homestead,Florida,33034
1003-27,Ezequiel,Cardenas,57042 Larry Terrace,Columbus,Georgia,31998
1003-28,Heidie,Palleske,3 Nevada Alley,Houston,Texas,77218
1003-29,Emilee,Clere,10885 Weeping Birch Pass,Orlando,Florida,32825
1003-30,Brok,Beare,44 Mallard Way,Denver,Colorado,80204
1003-31,Guido,Fellon,73464 Sunfield Pass,Palatine,Illinois,60078
1003-32,Barbi,Witard,913 Arizona Court,Racine,Wisconsin,53405
1003-33,Candide,Meake,8 Vidon Point,College Station,Texas,77844
1003-34,Herman,Bewfield,54121 Vahlen Pass,Boston,Massachusetts,2283
1003-35,Mareah,Linturn,72 Canary Road,Seattle,Washington,98148
1003-36,Vanya,Troup,09651 Veith Lane,Cincinnati,Ohio,45218
1003-37,Woodie,Condie,23334 Hauk Court,Montgomery,Alabama,36134
1003-38,Clywd,Flute,78681 Talisman Avenue,Sacramento,California,95813
1003-39,Kleon,Dadds,8 Spohn Junction,Birmingham,Alabama,35210
1003-40,Giulia,Pettett,5 Graceland Terrace,Baltimore,Maryland,21265
1003-41,Gilligan,Twitty,2738 Lake View Junction,Bethlehem,Pennsylvania,18018
1003-42,Eliot,Howlings,11295 Lyons Pass,Whittier,California,90605
1003-43,Ammamaria,Nelligan,7 Orin Park,North Little Rock,Arkansas,72199
1003-44,Jeniece,Rylett,5 Sutherland Terrace,Wichita Falls,Texas,76310
1003-45,Charissa,Raven,00 Anderson Alley,Phoenix,Arizona,85010
1003-46,Madelene,Ratter,5 Jana Center,Charlotte,North Carolina,28205
1003-47,Jesse,Panter,6 Southridge Point,Columbus,Ohio,43240
1003-48,Noe,Tewes,38 Clarendon Circle,Albany,New York,12242
1003-49,Vanny,Pomfret,924 Burning Wood Point,San Antonio,Texas,78240
1003-50,Dian,Trevna,592 Dahle Drive,San Antonio,Texas,78210
1003-51,Edie,Mill,9879 Tennyson Point,Glendale,Arizona,85305
1003-52,Sterne,Coners,3320 Bluejay Crossing,Boston,Massachusetts,2109
1003-53,Jermaine,Tarquinio,1848 Golf Course Park,Phoenix,Arizona,85015
1003-54,Adriano,Petrolli,81081 Schmedeman Drive,Arvada,Colorado,80005
1003-55,Yance,Dacks,18774 Emmet Center,Omaha,Nebraska,68164
1003-56,Stevana,Howlett,30 Meadow Valley Parkway,Oklahoma City,Oklahoma,73109
1003-57,Merrily,Lammie,27 La Follette Lane,Phoenix,Arizona,85015
1003-58,Prudy,Joburn,07398 Maryland Way,Saint Cloud,Minnesota,56372
1003-59,Corri,Chaves,77180 Meadow Valley Plaza,Houston,Texas,77085
1003-60,Tonye,Clemmow,0 Swallow Way,Muncie,Indiana,47306
1003-61,Vicky,Barkas,723 Fair Oaks Road,Atlanta,Georgia,30306
1003-62,Sherilyn,Yair,9 Sunnyside Street,Waterbury,Connecticut,6705
1003-63,Roselin,Fair,5791 Gulseth Circle,Colorado Springs,Colorado,80930
1003-64,Abeu,Newtown,9283 Calypso Center,Mesa,Arizona,85215
1003-65,Franny,Steedman,7 Merchant Place,New York City,New York,10014
1003-66,Raven,Morrott,305 Maple Wood Alley,Dallas,Texas,75358
1003-67,Sandor,Slarke,120 Thierer Point,Arlington,Texas,76011
1003-68,Alidia,Reveley,25967 Harbort Parkway,Warren,Michigan,48092
1003-69,Wenda,Challoner,046 Continental Plaza,Missoula,Montana,59806
1003-70,Travis,Szwarc,909 Loomis Lane,Austin,Texas,78778
1003-71,Xena,Thurlby,420 Village Court,San Diego,California,92196
1003-72,Nickolai,Gooden,4 Grim Place,Harrisburg,Pennsylvania,17105
1003-73,Loralie,Onele,1573 Mendota Terrace,San Jose,California,95150
1003-74,Thorsten,Gunson,2 Farwell Court,Las Vegas,Nevada,89160
1003-75,Issy,Glanville,3 Carpenter Park,Athens,Georgia,30610
1003-76,Lorena,Fielding,3 Tennyson Park,Washington,District of Columbia,20005
1003-77,Molli,Preedy,625 Chive Hill,Erie,Pennsylvania,16510
1003-78,Jeffry,Tupp,73472 Daystar Terrace,Boston,Massachusetts,2119
1003-79,Faythe,Bisgrove,09 Merchant Parkway,Berkeley,California,94712
1003-80,Bendick,Preator,76634 Hanson Way,Birmingham,Alabama,35242
1003-81,Florence,Wherrett,92016 Delaware Circle,Boston,Massachusetts,2114
1003-82,Hermina,Comelini,34 Cardinal Circle,Brooklyn,New York,11241
1003-83,Moshe,Coughlin,01410 Waubesa Point,Albany,New York,12242
1003-84,Shawn,Deners,412 Magdeline Park,New York City,New York,10292
1003-85,Johnette,Peattie,9 Garrison Drive,Albany,New York,12237
1003-86,Arnuad,Gypson,8 Vernon Hill,Indianapolis,Indiana,46295
1003-87,Morgen,Petry,9 Service Hill,San Luis Obispo,California,93407
1003-88,Amelie,Bock,67 Sage Terrace,Saint Louis,Missouri,63158
1003-89,Rosana,Markl,881 Basil Hill,Shreveport,Louisiana,71166
1003-90,Jillene,Antognelli,034 Eliot Pass,Montpelier,Vermont,5609
1003-91,Wade,Rustich,4 Dovetail Center,Phoenix,Arizona,85083
1003-92,Carolann,Bryde,245 Myrtle Court,Milwaukee,Wisconsin,53215
1003-93,Wallis,Sherred,9975 Dryden Trail,Roanoke,Virginia,24014
1003-94,Husein,Lochrie,11793 Dixon Parkway,Tulsa,Oklahoma,74156
1003-95,Erena,Munson,57340 Katie Road,Jacksonville,Florida,32230
1003-96,Grayce,Crosskell,5 Kenwood Way,Louisville,Kentucky,40225
1003-97,Tallie,Bullas,72660 Reindahl Alley,Philadelphia,Pennsylvania,19191
1003-98,Morey,Kirvin,4390 Morning Road,Salt Lake City,Utah,84105
1003-99,Sherlock,MacNab,71 Starling Junction,Minneapolis,Minnesota,55407
1004-00,Sheri,Oakshott,3 Spohn Avenue,Newport Beach,California,92662
1004-01,Yoshi,Meates,97 Express Lane,Denton,Texas,76210
1004-02,Lilah,Heaker,0612 Fordem Court,Aurora,Colorado,80044
1004-03,Etta,A'field,16 Meadow Vale Park,San Jose,California,95108
1004-04,Holt,Phlippsen,7 Main Lane,Tacoma,Washington,98464
1004-05,Rebekah,Chiene,61846 Buell Crossing,Naples,Florida,34108
1004-06,Pren,Machon,13038 Brown Alley,Baton Rouge,Louisiana,70894
1004-07,Celina,OIlier,98257 Mosinee Way,Spokane,Washington,99210
1004-08,Nicholas,Burr,3 Miller Drive,Winston Salem,North Carolina,27105
1004-09,Etienne,Shegog,709 Di Loreto Pass,Lynchburg,Virginia,24515
1004-10,Timmie,Chaperling,34566 Waxwing Junction,El Paso,Texas,88558
1004-11,Carma,Lynock,4 Toban Way,Irving,Texas,75037
1004-12,Cathlene,Hoyles,8937 Ridge Oak Junction,New Orleans,Louisiana,70160
1004-13,Sondra,Girvan,1866 Schiller Plaza,Bridgeport,Connecticut,6606
1004-14,Tomasina,Honig,091 Algoma Court,Waterbury,Connecticut,6726
1004-15,Hermia,Clemett,85 Portage Park,Chicago,Illinois,60674
1004-16,Mathilda,Pregal,0 Petterle Street,Sacramento,California,95852
1004-17,Elbertina,Euler,770 4th Drive,Littleton,Colorado,80161
1004-18,Gwynne,Bleackley,7 Express Point,Lima,Ohio,45807
1004-19,Ulrick,Boden,475 Colorado Hill,Washington,District of Columbia,20073
1004-20,Philly,Brack,236 Manufacturers Trail,Evanston,Illinois,60208
1004-21,Marcus,Darmody,228 Coleman Alley,Phoenix,Arizona,85025
1004-22,Ethelred,Irlam,33897 Dawn Road,Toledo,Ohio,43605
1004-23,Robby,Roseaman,3655 Carey Lane,Richmond,Virginia,23220
1004-24,Rosalinde,Skellion,5778 Wayridge Center,Seattle,Washington,98115
1004-25,Hershel,Rustadge,901 Pond Trail,Spokane,Washington,99215
1004-26,Angelle,Krolak,7490 Duke Plaza,Boulder,Colorado,80305
1004-27,Trudi,Hirjak,1938 Marquette Park,New York City,New York,10034
1004-28,Myrna,Tedstone,8 Crowley Terrace,Minneapolis,Minnesota,55417
1004-29,Haily,Maskelyne,79873 Hudson Alley,Washington,District of Columbia,20566
1004-30,Sherry,Symondson,317 Luster Plaza,Miami,Florida,33164
1004-31,Margarita,Codlin,9 Bluejay Trail,Phoenix,Arizona,85083
1004-32,Cristiano,Tanman,779 Continental Circle,Arlington,Virginia,22205
1004-33,Shalom,Knowling,64 Dottie Avenue,Huntington,West Virginia,25726
1004-34,Randie,Fullerlove,14 Division Lane,New York City,New York,10014
1004-35,Afton,Beresford,28110 Everett Crossing,Minneapolis,Minnesota,55458
1004-36,Irving,Degan,9252 Westridge Point,Sarasota,Florida,34276
1004-37,Gregor,Jacobowitz,342 Longview Plaza,Trenton,New Jersey,8608
1004-38,Iorgos,Shilleto,50102 Havey Avenue,Little Rock,Arkansas,72231
1004-39,Hale,Dale,85685 Arkansas Terrace,Aurora,Illinois,60505
1004-40,Westley,Rosenbusch,53459 Dawn Crossing,Hollywood,Florida,33023
1004-41,Emalee,Cardenoza,0 Erie Hill,Sarasota,Florida,34233
1004-42,Michail,Clilverd,281 Fairview Parkway,Madison,Wisconsin,53790
1004-43,Phillida,Swoffer,1 Clarendon Crossing,Philadelphia,Pennsylvania,19120
1004-44,Drusi,Jonczyk,623 Lawn Trail,Oklahoma City,Oklahoma,73135
1004-45,Ruben,Ruddlesden,6 Merrick Terrace,Pasadena,California,91186
1004-46,Bjorn,Conway,82 Kennedy Crossing,Battle Creek,Michigan,49018
1004-47,Sorcha,Geri,95 Butternut Plaza,Portland,Oregon,97296
1004-48,Zora,Lippitt,04283 Gina Way,Lexington,Kentucky,40576
1004-49,Skippie,Bonsey,91467 Jenna Point,Saint Louis,Missouri,63116
1004-50,Marcos,Groarty,1992 Grover Center,Spokane,Washington,99260
1004-51,Jeremiah,Heintze,81398 Sachtjen Center,Columbus,Ohio,43215
1004-52,Perla,Bridgstock,3 Burrows Junction,Waterloo,Iowa,50706
1004-53,Klara,Castagneto,73 North Pass,Charlotte,North Carolina,28210
1004-54,Juline,Joscelyn,34616 Bay Center,Dallas,Texas,75323
1004-55,Ammamaria,Fechnie,855 Holmberg Terrace,Albuquerque,New Mexico,87180
1004-56,Gayler,Rodrigo,7 Larry Court,Mobile,Alabama,36610
1004-57,Wright,Bransby,0876 Lerdahl Junction,Hartford,Connecticut,6140
1004-58,Matelda,Allix,122 Macpherson Way,Montgomery,Alabama,36134
1004-59,Tally,Goodby,718 Mosinee Point,Portland,Oregon,97201
1004-60,Mersey,Clawson,4 Monterey Drive,Madison,Wisconsin,53779
1004-61,Meryl,Crichmere,0546 Bay Trail,Las Cruces,New Mexico,88006
1004-62,Allyson,Heaker,641 Upham Court,Erie,Pennsylvania,16505
1004-63,Dita,Clunan,15 Northridge Place,Detroit,Michigan,48232
1004-64,Clim,Cline,0 Logan Place,Tulsa,Oklahoma,74184
1004-65,Carmita,Checchetelli,4208 Upham Point,Winston Salem,North Carolina,27150
1004-66,Husein,Royston,112 Butternut Street,Round Rock,Texas,78682
1004-67,Katie,Jacobsen,7 Bultman Crossing,Portland,Oregon,97240
1004-68,Heath,Totterdill,75960 Maple Place,Marietta,Georgia,30066
1004-69,Spenser,Crosston,89346 Toban Center,Stockton,California,95219
1004-70,Myranda,Bazley,50 Michigan Way,Toledo,Ohio,43615
1004-71,Mehetabel,Oaks,8 Debra Junction,Sacramento,California,94273
1004-72,Ellswerth,Fobidge,134 Algoma Park,Washington,District of Columbia,20392
1004-73,Ignacius,Probate,55680 Talmadge Plaza,Bakersfield,California,93399
1004-74,Ebonee,Giffard,18552 4th Road,Austin,Texas,78715
1004-75,Bealle,Pomphrett,7784 Badeau Plaza,Charlotte,North Carolina,28256
1004-76,Mathilde,Stain,31790 Eggendart Avenue,Aurora,Colorado,80044
1004-77,Lea,Gollop,346 Starling Park,Tacoma,Washington,98464
1004-78,Ivette,Sabben,21 Stang Alley,Washington,District of Columbia,20380
1004-79,Benetta,Braden,0 Walton Pass,Charlotte,North Carolina,28278
1004-80,Justen,Geck,0 Comanche Pass,Troy,Michigan,48098
1004-81,Carine,Poile,24 Linden Junction,Cincinnati,Ohio,45203
1004-82,Richart,Andreas,9536 Saint Paul Court,Odessa,Texas,79769
1004-83,Jennica,Eales,6640 Duke Circle,Albany,New York,12222
1004-84,Zelda,McBrier,08366 Sommers Lane,Houston,Texas,77040
1004-85,Jean,Bartalucci,100 Northview Court,Washington,District of Columbia,20520
1004-86,Bernardine,Jina,9809 Springview Park,Springfield,Missouri,65898
1004-87,Kathie,Volke,9 Grover Drive,Washington,District of Columbia,20067
1004-88,Rivalee,Tonbye,2653 Bowman Drive,Syracuse,New York,13224
1004-89,Perice,Byk,9 Maple Wood Lane,Arlington,Texas,76004
1004-90,Jakob,Braiden,10552 Dryden Plaza,Boise,Idaho,83757
1004-91,Peyton,Dike,08 Bunting Lane,Juneau,Alaska,99812
1004-92,Farley,Lindenbaum,50003 Sachs Court,Alexandria,Virginia,22309
1004-93,Bel,Arnaut,42 New Castle Avenue,Des Moines,Iowa,50310
1004-94,Dalia,Jandel,96 Dennis Terrace,Jamaica,New York,11499
1004-95,Jacky,Baynton,150 Jenifer Center,Washington,District of Columbia,20392
1004-96,Kliment,Cardenas,09325 Grayhawk Lane,Albany,New York,12210
1004-97,Palmer,Gummery,225 Aberg Park,Nashville,Tennessee,37228
1004-98,Celie,Sleath,732 Carpenter Street,Gastonia,North Carolina,28055
1004-99,Lester,Dashkov,59111 Leroy Circle,Billings,Montana,59112
1005-00,Foster,Mindenhall,49337 John Wall Point,Madison,Wisconsin,53785
1005-01,Mellicent,Egdale,4 Butterfield Drive,Springfield,Illinois,62756
1005-02,Trev,Fortnon,44962 Knutson Center,Milwaukee,Wisconsin,53277
1005-03,Derby,Ryal,9 Randy Way,Canton,Ohio,44705
1005-04,Leigh,Rother,47 Sundown Alley,Harrisburg,Pennsylvania,17110
1005-05,Aland,Alasdair,56734 Pleasure Parkway,Kansas City,Missouri,64187
1005-06,Eugenius,Jacobsson,828 Eliot Terrace,Waco,Texas,76796
1005-07,Kelwin,Reaman,9 South Hill,Washington,District of Columbia,20260
1005-08,Rosella,Doding,15187 Duke Junction,Tacoma,Washington,98481
1005-09,Agnella,O'Glessane,47 Glacier Hill Park,Los Angeles,California,90030
1005-10,Katherina,Beeton,953 Talmadge Junction,Cincinnati,Ohio,45233
1005-11,Persis,Roocroft,8 Myrtle Crossing,Akron,Ohio,44305
1005-12,Florida,Breche,61468 Debra Court,Jacksonville,Florida,32215
1005-13,Leese,Speeks,88241 Blackbird Pass,Newton,Massachusetts,2162
1005-14,Giffie,Housaman,88 Sunfield Avenue,Fort Wayne,Indiana,46825
1005-15,Barb,Fitzer,64 Old Shore Lane,Amarillo,Texas,79105
1005-16,Hephzibah,Rebert,20 Grim Way,Anchorage,Alaska,99517
1005-17,Othello,Scollard,36179 Reindahl Park,New Hyde Park,New York,11044
1005-18,Phip,Sibbit,16374 Scott Way,Oklahoma City,Oklahoma,73190
1005-19,Cassaundra,Crankshaw,39 Paget Court,Columbus,Ohio,43231
1005-20,Darya,D'Alessandro,6777 Hanson Center,Lancaster,Pennsylvania,17622
1005-21,Ilario,Uden,11 Roth Terrace,Columbia,South Carolina,29203
1005-22,Audra,Yurin,275 Prentice Crossing,Memphis,Tennessee,38168
1005-23,Aggy,Valencia,25 Green Pass,Louisville,Kentucky,40205
1005-24,Liane,Durrett,73 Delaware Parkway,Columbia,South Carolina,29225
1005-25,Lyon,Grut,09891 Darwin Drive,New York City,New York,10165
1005-26,King,Rennenbach,4112 Mayfield Terrace,Austin,Texas,78737
1005-27,Mill,Bexon,670 Oak Hill,Brooklyn,New York,11215
1005-28,Rebekkah,Kemson,2 Division Court,Rochester,New York,14604
1005-29,Philippine,Argo,54482 Lake View Crossing,Raleigh,North Carolina,27610
1005-30,Hedwig,Gosswell,046 Reinke Crossing,Brockton,Massachusetts,2305
1005-31,Devonna,MacLeese,938 Golden Leaf Circle,Dayton,Ohio,45454
1005-32,Lorain,Howroyd,63943 Bashford Way,Austin,Texas,78703
1005-33,Tedda,Neylon,664 Vernon Road,Spokane,Washington,99252
1005-34,Taryn,Pentercost,9093 Chive Place,Birmingham,Alabama,35220
1005-35,Feodor,Playhill,0 Continental Trail,Fort Lauderdale,Florida,33336
1005-36,Harbert,Grangier,18 Jackson Road,Baltimore,Maryland,21290
1005-37,Eric,Surgison,95241 Kipling Circle,Saint Paul,Minnesota,55123
1005-38,Jessalin,Butchers,3 Elmside Circle,Jamaica,New York,11470
1005-39,Oby,Frensche,32 Village Alley,San Jose,California,95160
1005-40,Luz,Lawlie,05 Waxwing Alley,Boise,Idaho,83727
1005-41,Felisha,Shooter,01 Dwight Way,Salt Lake City,Utah,84140
1005-42,Gwenni,Hinken,380 Kedzie Crossing,Orlando,Florida,32813
1005-43,Felix,Petrushanko,83 International Center,Mobile,Alabama,36670
1005-44,Launce,Fullwood,64073 Bonner Point,North Little Rock,Arkansas,72199
1005-45,Fina,Huggen,96 Tennyson Point,Los Angeles,California,90101
1005-46,Yanaton,Pelcheur,3970 Delladonna Junction,Clearwater,Florida,33758
1005-47,Shermie,Piris,23739 Union Way,Raleigh,North Carolina,27621
1005-48,Catherine,Mettetal,380 Dorton Center,Greenville,South Carolina,29615
1005-49,Roma,Mulvihill,9951 Comanche Street,Mobile,Alabama,36641
1005-50,Rochell,McGlaud,18 Nelson Center,Lima,Ohio,45807
1005-51,Elissa,Pemberton,7 Independence Circle,Houston,Texas,77245
1005-52,Baron,Pickavance,2 Talisman Pass,Dallas,Texas,75277
1005-53,Mirna,Decaze,755 Golden Leaf Park,Albany,New York,12205
1005-54,Therese,Epinay,7 Becker Alley,Inglewood,California,90398
1005-55,Ulla,O'Brallaghan,92327 Quincy Hill,Colorado Springs,Colorado,80925
1005-56,Byron,Artinstall,1009 Valley Edge Terrace,Charleston,South Carolina,29424
1005-57,Maureene,Ohrtmann,60 Mariners Cove Alley,Fort Pierce,Florida,34981
1005-58,Richart,Klaves,7026 Springview Avenue,Charleston,South Carolina,29424
1005-59,Bailey,Isbell,51681 Schurz Junction,Van Nuys,California,91411
1005-60,Zora,Scolts,13306 Milwaukee Point,San Francisco,California,94147
1005-61,Lyda,Hawtrey,86 Little Fleur Point,Clearwater,Florida,34615
1005-62,Clair,Leates,977 Bartillon Trail,Youngstown,Ohio,44511
1005-63,Hal,Mapletoft,16120 Union Terrace,Elmira,New York,14905
1005-64,Brana,Mate,843 Donald Parkway,Seattle,Washington,98175
1005-65,Zelig,Tuminelli,94383 Duke Circle,Raleigh,North Carolina,27626
1005-66,Arther,Vaughan,69 Atwood Pass,Washington,District of Columbia,56944
1005-67,Thekla,Yerrington,47 Sheridan Trail,Austin,Texas,78732
1005-68,Nye,Posvner,2 Elka Trail,Jamaica,New York,11470
1005-69,Vinni,Summons,57 Hazelcrest Hill,Colorado Springs,Colorado,80945
1005-70,Fionna,Crab,9557 Park Meadow Park,Nashville,Tennessee,37245
1005-71,Wildon,Doreward,5651 Packers Trail,Washington,District of Columbia,20226
1005-72,Euell,Crab,0722 Clove Point,Fresno,California,93778
1005-73,Theresa,Keough,90768 Green Road,El Paso,Texas,79945
1005-74,Rubin,Ahrenius,72938 Fairview Point,Little Rock,Arkansas,72222
1005-75,Hermina,Vickerstaff,68 Upham Lane,Stamford,Connecticut,6905
1005-76,Mohammed,Sheward,81714 Butternut Lane,Louisville,Kentucky,40225
1005-77,Pauletta,Minthorpe,5 Oxford Way,San Jose,California,95123
1005-78,Bren,Vint,246 Fieldstone Hill,San Antonio,Texas,78250
1005-79,Kareem,Chapleo,4617 Donald Circle,Melbourne,Florida,32919
1005-80,Genny,Baiss,93 Anthes Park,College Station,Texas,77844
1005-81,Euphemia,Storck,31 Bunting Road,Stockton,California,95210
1005-82,Davey,Savill,33 Tomscot Road,Nashville,Tennessee,37220
1005-83,Rouvin,Di Bartolomeo,6652 Bunting Circle,Fresno,California,93786
1005-84,Gussy,Iskowicz,1 Magdeline Junction,Fort Myers,Florida,33994
1005-85,Constanta,Trethowan,676 Knutson Way,Washington,District of Columbia,20067
1005-86,Blinnie,Spurryer,80375 Pleasure Junction,Austin,Texas,78721
1005-87,Walliw,Choat,9384 Crowley Parkway,Dallas,Texas,75392
1005-88,Rochella,Witchalls,8588 Morning Avenue,Roanoke,Virginia,24034
1005-89,Patti,Punt,5010 Gina Point,Bloomington,Illinois,61709
1005-90,Gus,Jobe,4 Lien Way,Mesa,Arizona,85205
1005-91,Jordanna,Humbie,2 Sloan Alley,Sterling,Virginia,20167
1005-92,Dorie,Wince,2524 Nobel Center,Springfield,Illinois,62756
1005-93,Lucien,Bordes,64804 Thackeray Junction,Tallahassee,Florida,32309
1005-94,Guss,Lapre,21691 Grayhawk Center,Trenton,New Jersey,8603
1005-95,Marijn,De Wolfe,24345 Dunning Point,Savannah,Georgia,31405
1005-96,Adrianne,Gosse,79909 Mesta Plaza,Fairbanks,Alaska,99790
1005-97,Sela,Klimp,01 Little Fleur Road,Bronx,New York,10474
1005-98,Christoper,Woffinden,84914 Ridge Oak Drive,Dallas,Texas,75387
1005-99,Lora,Carrodus,197 Ridge Oak Terrace,North Hollywood,California,91616
1006-00,Tad,Nanuccioi,5 Karstens Center,Sioux Falls,South Dakota,57193
1006-01,Jori,Tolwood,9196 Sunfield Way,Columbia,South Carolina,29240
1006-02,Pris,Barensen,0212 Fordem Crossing,El Paso,Texas,88541
1006-03,Antonin,Twiggs,1965 Mccormick Park,Denton,Texas,76205
1006-04,Lena,Roberds,93 Bayside Alley,Topeka,Kansas,66606
1006-05,Gunther,Jerdan,3 Vidon Point,Bakersfield,California,93381
1006-06,Benedetto,Verdie,00002 Hanover Lane,Watertown,Massachusetts,2472
1006-07,Brandie,Crew,81846 Longview Crossing,Scottsdale,Arizona,85260
1006-08,Kaja,Perazzo,764 Gateway Alley,Washington,District of Columbia,20370
1006-09,Bearnard,Holyard,1882 Mockingbird Way,Jacksonville,Florida,32236
1006-10,Effie,Cockcroft,473 Hollow Ridge Crossing,Green Bay,Wisconsin,54313
1006-11,Maximo,Shambrooke,20165 Portage Road,Brooklyn,New York,11225
1006-12,Hebert,Musicka,7 Arizona Avenue,Atlanta,Georgia,30392
1006-13,Barnaby,Kleewein,00 Pleasure Parkway,Louisville,Kentucky,40287
1006-14,Constantine,Hing,2 Bellgrove Drive,Long Beach,California,90810
1006-15,Dorian,Smurfitt,5 Cottonwood Avenue,Pensacola,Florida,32595
1006-16,Dante,Sore,0 Carpenter Crossing,Fort Worth,Texas,76178
1006-17,King,Hurlin,17 Northridge Drive,New Orleans,Louisiana,70160
1006-18,Essa,Toffano,66911 Sauthoff Avenue,Spartanburg,South Carolina,29319
1006-19,Haydon,Klamp,76 Shasta Crossing,Garland,Texas,75049
1006-20,Godfrey,Diggons,8166 Brown Drive,Olympia,Washington,98506
1006-21,Courtney,Pinfold,3 Bartelt Court,Springfield,Virginia,22156
1006-22,Lilla,Meneo,9 Farwell Terrace,Gadsden,Alabama,35905
1006-23,Philipa,Mumberson,2 Pearson Plaza,Norfolk,Virginia,23509
1006-24,Ferdy,Scrine,0 Cherokee Pass,Atlanta,Georgia,30386
1006-25,Quinta,Tuddall,5902 Randy Hill,Cincinnati,Ohio,45228
1006-26,Jessie,Murphey,36 Thackeray Center,Memphis,Tennessee,38104
1006-27,Wilt,Skrzynski,951 Marquette Plaza,New York City,New York,10131
1006-28,Kaile,Abba,504 Miller Junction,Las Vegas,Nevada,89125
1006-29,Felicia,Metcalf,14 Crest Line Street,Conroe,Texas,77305
1006-30,Audy,Mellor,766 Express Alley,Wilmington,Delaware,19810
1006-31,Wilie,Barnwell,3 Debs Circle,Arlington,Virginia,22244
1006-32,Corrine,Dennick,7 Fallview Lane,Madison,Wisconsin,53779
1006-33,Dale,Valerius,54 Esker Junction,Fairbanks,Alaska,99790
1006-34,Calhoun,Gidney,4801 4th Point,Camden,New Jersey,8104
1006-35,Poul,Oxberry,8260 Heath Terrace,Shawnee Mission,Kansas,66210
1006-36,Allianora,Oslar,615 Cherokee Junction,Albany,New York,12232
1006-37,Lynnelle,Gumme,160 Bartillon Court,Jackson,Mississippi,39204
1006-38,Charil,Warratt,7884 Pennsylvania Alley,San Jose,California,95173
1006-39,Robina,Linger,987 Golden Leaf Terrace,Midland,Michigan,48670
1006-40,Bobinette,Boucher,79079 Ramsey Crossing,Grand Rapids,Michigan,49510
1006-41,Claudette,Leighfield,0 Dennis Hill,Huntington,West Virginia,25705
1006-42,Shirlene,Toomey,8157 Prairieview Crossing,Sacramento,California,94207
1006-43,Laughton,Edgcombe,11 4th Trail,West Palm Beach,Florida,33411
1006-44,Kearney,Shearwood,27 Manley Place,Boca Raton,Florida,33432
1006-45,Isac,Pear,7691 Upham Hill,Concord,California,94522
1006-46,Anastasia,Checchetelli,1783 Moulton Circle,Arlington,Texas,76016
1006-47,Elmo,Genery,5 Sundown Junction,Virginia Beach,Virginia,23459
1006-48,Merilee,Hemeret,7 Hooker Crossing,Montpelier,Vermont,5609
1006-49,Sylvester,Edess,01230 Mayer Court,Manchester,New Hampshire,3105
1006-50,Louise,Wiburn,307 Chinook Crossing,Dallas,Texas,75260
1006-51,Suzette,Phifer,23078 Dexter Drive,El Paso,Texas,79923
1006-52,Ingrid,Jaggi,4 David Trail,Raleigh,North Carolina,27615
1006-53,Cordula,Stinchcombe,9 Jay Junction,Akron,Ohio,44310
1006-54,Fanni,Coners,6033 Memorial Circle,Tallahassee,Florida,32304
1006-55,Morrie,Bison,3387 Valley Edge Way,Oklahoma City,Oklahoma,73157
1006-56,Annissa,Southey,6 Knutson Lane,Salt Lake City,Utah,84189
1006-57,Randolf,Blazek,74469 Westend Street,Austin,Texas,78749
1006-58,Alis,Georgel,183 Cardinal Road,Knoxville,Tennessee,37919
1006-59,Isidor,Binnell,89 Dottie Drive,Grand Junction,Colorado,81505
1006-60,Yves,Carlyon,78969 Arkansas Pass,Baltimore,Maryland,21282
1006-61,Sherwood,Conneau,40 Bunting Road,Jacksonville,Florida,32204
1006-62,Janessa,Dalgarnocht,254 Sommers Trail,Winston Salem,North Carolina,27110
1006-63,Halli,Gemson,13 Del Mar Junction,Fairfax,Virginia,22036
1006-64,Garret,Lared,98 Nova Court,Memphis,Tennessee,38168
1006-65,Charin,Biddlecombe,47320 John Wall Road,Tuscaloosa,Alabama,35405
1006-66,Terrye,Liebermann,5 Crownhardt Circle,Washington,District of Columbia,20051
1006-67,Tom,Vesco,2956 Troy Alley,Atlanta,Georgia,31165
1006-68,Rhianna,Serrels,374 Namekagon Park,Birmingham,Alabama,35205
1006-69,Emelen,Tassaker,92 Granby Alley,Brooklyn,New York,11220
1006-70,Say,Brood,020 Roxbury Way,Chicago,Illinois,60669
1006-71,Jeniece,Linwood,494 Farmco Drive,Spring,Texas,77386
1006-72,Clemmy,Baumann,1 Browning Center,Denton,Texas,76210
1006-73,Estella,Tomney,1883 Waubesa Court,Las Vegas,Nevada,89135
1006-74,Claudell,Sheara,4 High Crossing Trail,Cincinnati,Ohio,45213
1006-75,Sallyann,Cattemull,30 Manufacturers Crossing,New Orleans,Louisiana,70116
1006-76,Myrta,Gossage,96 Bobwhite Trail,Dayton,Ohio,45490
1006-77,Catherina,Bowller,0 Lien Pass,Rochester,New York,14624
1006-78,Lou,Ville,9 Moulton Parkway,Oklahoma City,Oklahoma,73119
1006-79,Alaster,Marchbank,373 Susan Crossing,Wichita,Kansas,67236
1006-80,Axel,Treasaden,2 Melrose Park,Las Vegas,Nevada,89105
1006-81,Chuck,Tippler,1 Melvin Hill,Washington,District of Columbia,20599
1006-82,Dore,McDonogh,9 Orin Terrace,Albuquerque,New Mexico,87180
1006-83,Catlin,Sempill,366 Golf Point,Clearwater,Florida,34629
1006-84,Isiahi,Tween,31480 Buell Parkway,Toledo,Ohio,43615
1006-85,Theodoric,Ramelet,28132 4th Street,Columbus,Ohio,43220
1006-86,Chuck,Dicky,222 Carberry Lane,Washington,District of Columbia,20420
1006-87,Madelina,Collabine,73864 Bay Alley,Elmira,New York,14905
1006-88,Geraldine,Findlay,019 Basil Circle,Charlottesville,Virginia,22908
1006-89,Torrin,Di Carli,034 Kennedy Pass,Charlottesville,Virginia,22908
1006-90,Cozmo,Whight,489 Waubesa Trail,Boston,Massachusetts,2109
1006-91,Elvin,Lidgate,83 East Court,Palatine,Illinois,60078
1006-92,Nixie,Pelchat,24 Melrose Terrace,Frankfort,Kentucky,40618
1006-93,Shep,Jamrowicz,686 Quincy Way,Philadelphia,Pennsylvania,19109
1006-94,West,Syder,58751 Lerdahl Way,Mesa,Arizona,85215
1006-95,Austen,Hamberston,3975 Oriole Park,Washington,District of Columbia,20397
1006-96,Upton,Kruszelnicki,62034 Del Sol Junction,Bakersfield,California,93399
1006-97,Bobine,Clemens,96518 Chinook Plaza,Raleigh,North Carolina,27690
1006-98,Essy,Barock,639 Maywood Way,San Francisco,California,94177
1006-99,Betteann,Laister,183 Eliot Park,South Lake Tahoe,California,96154
1007-00,Ivor,Richten,59392 Packers Crossing,El Paso,Texas,79905
1007-01,Walsh,Feighney,4754 Eastwood Circle,Memphis,Tennessee,38109
1007-02,Maryl,Skelhorn,66791 Nelson Drive,Saint Louis,Missouri,63169
1007-03,Osmund,Antonignetti,1 Loftsgordon Center,Maple Plain,Minnesota,55579
1007-04,Roanne,Machon,7245 Mendota Point,Columbia,South Carolina,29208
1007-05,Kayley,Yousef,934 Fulton Center,Corpus Christi,Texas,78475
1007-06,Noell,Swithenby,40693 Dexter Trail,San Jose,California,95128
1007-07,Anthia,Svanetti,59273 Fallview Center,Shawnee Mission,Kansas,66210
1007-08,Granger,Shulver,45518 Aberg Court,Youngstown,Ohio,44511
1007-09,Eberto,Crosscombe,3679 Blue Bill Park Trail,Lawrenceville,Georgia,30245
1007-10,Cass,Gaitung,9054 Merrick Alley,Sacramento,California,95838
1007-11,Sidonia,De Ruggiero,72 Gina Hill,Houston,Texas,77201
1007-12,Hyacinthia,Izakov,67993 New Castle Lane,Carol Stream,Illinois,60351
1007-13,Samuele,Alves,0843 Green Point,Baltimore,Maryland,21203
1007-14,Ellery,Kamena,38965 Blaine Plaza,Tuscaloosa,Alabama,35487
1007-15,Charo,Addey,6614 Esker Crossing,El Paso,Texas,88519
1007-16,Jocelin,Jiri,6076 Hoepker Center,Amarillo,Texas,79116
1007-17,Fredrika,Bootton,6458 Talisman Plaza,Austin,Texas,78783
1007-18,Sid,Munson,37 Valley Edge Alley,Durham,North Carolina,27710
1007-19,Ginni,Chisholm,156 Helena Road,Pasadena,California,91125
1007-20,Rodina,Rocco,699 Forest Pass,Augusta,Georgia,30911
1007-21,Tarra,Folonin,6 Independence Way,Fort Smith,Arkansas,72905
1007-22,Heath,Ivkovic,6065 Dwight Lane,Boise,Idaho,83716
1007-23,Jen,Ecclestone,939 Spenser Circle,Oklahoma City,Oklahoma,73129
1007-24,Sunshine,Shotbolt,77 Erie Way,Stamford,Connecticut,6905
1007-25,Catharina,Ivel,81 Brentwood Plaza,Tacoma,Washington,98417
1007-26,Ralf,Arnley,31355 Cascade Plaza,Sacramento,California,95865
1007-27,Loralee,Peat,91 Autumn Leaf Point,Tuscaloosa,Alabama,35487
1007-28,Rubie,Piggot,354 Independence Hill,Moreno Valley,California,92555
1007-29,Harwilll,Dodds,2507 International Drive,Sacramento,California,95823
1007-30,Jacklyn,Kalinowsky,8 Derek Circle,Brockton,Massachusetts,2405
1007-31,Karylin,Troubridge,29255 Summerview Park,Beaumont,Texas,77713
1007-32,Rozella,Westcott,55073 Mockingbird Pass,Colorado Springs,Colorado,80915
1007-33,Janith,Wooddisse,436 Helena Terrace,Long Beach,California,90840
1007-34,Rubie,Grubey,5 Katie Circle,Miami,Florida,33169
1007-35,Kizzie,Sheere,3 Vahlen Pass,Sacramento,California,94280
1007-36,Dannye,Openshaw,0 Mendota Terrace,Austin,Texas,78749
1007-37,Drugi,Christopherson,9794 Spohn Place,Las Vegas,Nevada,89115
1007-38,Manon,Knevett,304 Wayridge Circle,Berkeley,California,94712
1007-39,Augie,Antonias,68233 Weeping Birch Junction,Minneapolis,Minnesota,55448
1007-40,Constantine,De Carolis,20100 Pennsylvania Alley,Evanston,Illinois,60208
1007-41,Jae,Beushaw,4291 Kings Terrace,Louisville,Kentucky,40256
1007-42,Salim,Vallerine,6 Laurel Park,Saint Paul,Minnesota,55115
1007-43,Anica,Tarzey,8 Westport Point,Bethesda,Maryland,20816
1007-44,Terrill,Knoton,838 Ridgeway Junction,Peoria,Illinois,61640
1007-45,Tymothy,Hiscocks,39 Shoshone Park,Macon,Georgia,31210
1007-46,Gerhardt,Kibard,30122 Kensington Court,San Antonio,Texas,78210
1007-47,Aarika,Davidovitch,44939 Fair Oaks Crossing,Orlando,Florida,32835
1007-48,Jorgan,Goodhay,301 Lawn Avenue,Portland,Oregon,97229
1007-49,Dolly,Skurm,66 Transport Trail,Buffalo,New York,14276
1007-50,Flor,Ding,66139 International Road,Washington,District of Columbia,20029
1007-51,Pietra,Basnett,7 Riverside Avenue,Des Moines,Iowa,50393
1007-52,Dion,Padilla,1 Maryland Plaza,Tulsa,Oklahoma,74108
1007-53,Christal,Dulwich,8695 Havey Pass,Austin,Texas,78789
1007-54,Katusha,Low,39 Sugar Trail,San Francisco,California,94159
1007-55,Brion,Jallin,50943 Welch Court,Wichita Falls,Texas,76305
1007-56,Daryl,Wicklin,7216 Goodland Terrace,Orlando,Florida,32868
1007-57,Nikaniki,Kennaird,2289 Buhler Terrace,Miami,Florida,33134
1007-58,Brigit,Arlott,25 Londonderry Pass,Mobile,Alabama,36689
1007-59,Jane,Tender,18 Magdeline Road,Greensboro,North Carolina,27455
1007-60,Madelyn,Nunnerley,42491 Havey Drive,Bridgeport,Connecticut,6673
1007-61,Gabbi,Speak,41144 Spenser Point,Anniston,Alabama,36205
1007-62,Kimble,Coal,33183 Lakewood Circle,Washington,District of Columbia,20557
1007-63,Adorne,Gookes,9626 Valley Edge Trail,Glendale,California,91210
1007-64,Christoffer,Huckle,24 Buena Vista Junction,Toledo,Ohio,43699
1007-65,Yance,Franca,4 Brown Center,Springfield,Missouri,65898
1007-66,Russell,Bryan,6558 Hoffman Center,White Plains,New York,10606
1007-67,Philippine,Lumbley,3 Crownhardt Plaza,Macon,Georgia,31296
1007-68,Hayes,Lujan,28797 Becker Point,Birmingham,Alabama,35205
1007-69,Oralle,Labusquiere,187 Dakota Park,San Francisco,California,94147
1007-70,Erhart,Dalgety,20 Rigney Hill,Indianapolis,Indiana,46226
1007-71,Hanni,Grisard,7 Carey Alley,Lees Summit,Missouri,64082
1007-72,Christin,Goodlife,2 Spaight Park,Newport Beach,California,92662
1007-73,Northrup,Bartaletti,800 Melrose Pass,Sacramento,California,94291
1007-74,Etti,Chanter,001 Morrow Street,Madison,Wisconsin,53726
1007-75,Ronna,Klassmann,03106 Miller Parkway,San Bernardino,California,92424
1007-76,Janene,Josskowitz,86 Packers Park,Atlanta,Georgia,30358
1007-77,Stu,Foxen,559 Golf View Lane,Columbus,Ohio,43215
1007-78,Reinaldo,Sewill,40 International Trail,Columbus,Ohio,43284
1007-79,Jory,Manders,310 5th Way,Washington,District of Columbia,20051
1007-80,Bruno,Genthner,39 Scott Park,Houston,Texas,77250
1007-81,Stephen,Casellas,226 Novick Center,Naples,Florida,33963
1007-82,Elane,Deppen,8161 Goodland Drive,Pittsburgh,Pennsylvania,15220
1007-83,Sloane,Baldacco,5940 Atwood Alley,Cincinnati,Ohio,45233
1007-84,Perla,Beardsley,672 Oak Valley Street,Durham,North Carolina,27705
1007-85,Ber,Pairpoint,5 Stephen Circle,Indianapolis,Indiana,46254
1007-86,Charmion,Osman,15 Melrose Parkway,Minneapolis,Minnesota,55402
1007-87,Ivie,Lillo,2402 Bunker Hill Place,Reno,Nevada,89510
1007-88,Kessiah,Marriott,245 Packers Circle,Omaha,Nebraska,68179
1007-89,Daphna,MacGibbon,96 Clarendon Lane,Philadelphia,Pennsylvania,19184
1007-90,Chevy,Abela,4607 Delaware Alley,Aurora,Colorado,80044
1007-91,Jami,Dowle,5081 Hollow Ridge Trail,Bridgeport,Connecticut,6673
1007-92,Joni,Brownrigg,977 Oak Valley Hill,Atlanta,Georgia,30306
1007-93,Philippine,MacCleay,784 Mockingbird Avenue,Eugene,Oregon,97405
1007-94,Geoffry,Probbing,32 Bellgrove Park,Cincinnati,Ohio,45249
1007-95,Leone,Molyneaux,6564 Upham Lane,Waltham,Massachusetts,2453
1007-96,Zedekiah,Birkmyre,87591 Autumn Leaf Place,Washington,District of Columbia,20530
1007-97,Lydon,Muat,07 Susan Way,Abilene,Texas,79605
1007-98,Evvie,Hamson,23691 Spenser Junction,Fairbanks,Alaska,99790
1007-99,Cassondra,Denison,1 Oneill Way,Fort Pierce,Florida,34949
1008-00,Nancy,Glencorse,621 Forest Court,Cincinnati,Ohio,45264
1008-01,Parry,Dory,6 Pennsylvania Pass,Fort Wayne,Indiana,46867
1008-02,Edithe,Murrish,2 Village Green Court,Roanoke,Virginia,24020
1008-03,Johnnie,Greatbanks,6857 Barby Terrace,Jacksonville,Florida,32204
1008-04,Arleta,Attwoul,6 Forest Dale Point,Brockton,Massachusetts,2305
1008-05,Finley,Cruwys,4896 Mendota Avenue,Miami,Florida,33164
1008-06,Kristyn,Dumbare,1333 Union Lane,New York City,New York,10099
1008-07,Mignon,Idwal Evans,75 Sachs Lane,Annapolis,Maryland,21405
1008-08,Bryan,Arrington,06019 Troy Crossing,Philadelphia,Pennsylvania,19115
1008-09,Mickie,Le Clercq,275 Oak Valley Road,Birmingham,Alabama,35290
1008-10,Jeanne,Renwick,7 Bartillon Pass,Richmond,Virginia,23285
1008-11,Daffie,Lissandrini,56 Laurel Court,Dallas,Texas,75379
1008-12,Orville,Phripp,3 La Follette Circle,New York City,New York,10260
1008-13,Kerry,Royle,9724 Harbort Point,Indianapolis,Indiana,46202
1008-14,Aldridge,Filippi,38 Grover Place,Denver,Colorado,80209
1008-15,Morissa,MacGiany,42 Meadow Vale Circle,Memphis,Tennessee,38131
1008-16,Prissie,McQuilliam,53112 Londonderry Parkway,San Francisco,California,94177
1008-17,Correy,Ayerst,624 Tennyson Drive,Tucson,Arizona,85720
1008-18,Nessie,McClurg,3051 Havey Pass,Fort Worth,Texas,76162
1008-19,Fionnula,Skelding,71270 Schiller Parkway,Minneapolis,Minnesota,55458
1008-20,Morganica,Berkeley,6149 Bunker Hill Drive,Wichita,Kansas,67210
1008-21,Essie,Lumb,5 Mandrake Parkway,Rochester,New York,14609
1008-22,Gladys,Port,010 Packers Point,Buffalo,New York,14263
1008-23,Rhodia,Dozdill,9 Colorado Trail,Portland,Oregon,97201
1008-24,Carlynne,Feechan,309 Kennedy Park,Boise,Idaho,83727
1008-25,Caroline,Rutland,2742 Dwight Way,Savannah,Georgia,31422
1008-26,Chiquita,Spires,66 Troy Trail,Jacksonville,Florida,32230
1008-27,Erek,Brunelli,79715 Jenifer Center,Hollywood,Florida,33028
1008-28,Cati,Wardrope,80381 Hauk Parkway,Newton,Massachusetts,2162
1008-29,Jasper,Lindman,433 Hansons Place,Buffalo,New York,14210
1008-30,Kaylyn,Godridge,43 Starling Trail,Orlando,Florida,32835
1008-31,Randi,Berdale,27862 Pepper Wood Center,Pasadena,California,91117
1008-32,Evyn,Grimolbie,3781 Fair Oaks Alley,Washington,District of Columbia,20057
1008-33,Mahmoud,Cadreman,56 West Plaza,Irving,Texas,75062
1008-34,Flor,Mouncey,45562 Havey Parkway,Colorado Springs,Colorado,80935
1008-35,Jacquenetta,Chew,285 Ramsey Lane,Providence,Rhode Island,2905
1008-36,Abbott,Fitchen,4854 Westerfield Avenue,Cincinnati,Ohio,45271
1008-37,Adriane,Flowers,1 Buell Point,Tampa,Florida,33673
1008-38,Alta,Racine,913 Esker Court,Cumming,Georgia,30130
1008-39,Torre,Trehearn,02219 Sage Park,Richmond,California,94807
1008-40,Elsinore,Strangman,43 Lillian Road,Baton Rouge,Louisiana,70820
1008-41,Phoebe,Witherbed,980 Glendale Center,Pocatello,Idaho,83206
1008-42,Hirsch,Oakland,16 Golf View Crossing,Van Nuys,California,91499
1008-43,Hanan,Falloon,4 5th Point,New York City,New York,10120
1008-44,Saunderson,Gaynor,7008 Luster Junction,San Francisco,California,94142
1008-45,Dinah,Hawkey,941 Crowley Road,Columbia,South Carolina,29215
1008-46,Amble,Billson,59 Luster Junction,New York City,New York,10275
1008-47,Xavier,De Freitas,8072 Lillian Pass,Knoxville,Tennessee,37924
1008-48,Sophia,Rheaume,80 Lake View Trail,Fairbanks,Alaska,99790
1008-49,Glynis,Vickerstaff,71 Elka Park,Des Moines,Iowa,50936
1008-50,George,McNelis,602 Elgar Street,El Paso,Texas,88558
1008-51,Caralie,Freezer,52 Texas Road,Seattle,Washington,98195
1008-52,Lenka,Mulqueeny,050 Monica Hill,Washington,District of Columbia,20599
1008-53,Nesta,Boullin,0099 Nancy Hill,Boulder,Colorado,80310
1008-54,Constantin,Van de Castele,344 Larry Drive,Green Bay,Wisconsin,54313
1008-55,Bryana,Cruikshank,1 Quincy Drive,Jamaica,New York,11436
1008-56,Vincenty,Zollner,6234 Hallows Place,Miami,Florida,33245
1008-57,Rani,Le Batteur,157 Clove Drive,Chicago,Illinois,60609
1008-58,Marion,Allot,440 Old Shore Alley,Oakland,California,94622
1008-59,Trenna,Atkirk,97152 Straubel Circle,Houston,Texas,77020
1008-60,Rex,Dickman,31582 Eagle Crest Parkway,Minneapolis,Minnesota,55446
1008-61,Kurt,Karlicek,862 Lyons Junction,El Paso,Texas,79923
1008-62,Agretha,Allsop,82017 Grim Way,Indianapolis,Indiana,46239
1008-63,Benson,Androsik,1345 Mifflin Parkway,Asheville,North Carolina,28805
1008-64,Ardenia,Wagner,0048 Loftsgordon Crossing,Louisville,Kentucky,40225
1008-65,Justinn,Menear,0489 Truax Way,Fresno,California,93750
1008-66,Sim,Tampling,3368 Larry Street,Springfield,Ohio,45505
1008-67,Lida,Shiels,20 Delaware Place,Albuquerque,New Mexico,87105
1008-68,Shanda,Poyle,017 Bunker Hill Crossing,San Diego,California,92110
1008-69,Lena,Attewill,67078 Morningstar Trail,Brockton,Massachusetts,2305
1008-70,Jessalyn,Olenchikov,750 Rutledge Way,Arlington,Virginia,22212
1008-71,Gillian,Gamble,8506 Porter Avenue,Pompano Beach,Florida,33069
1008-72,Tim,Claxson,0 Laurel Pass,Toledo,Ohio,43605
1008-73,Sigfrid,Balas,647 Moose Hill,Springfield,Missouri,65805
1008-74,Anatole,Bernardoux,5 Waxwing Court,Muncie,Indiana,47306
1008-75,Timmie,Monksfield,2 Fairfield Park,Homestead,Florida,33034
1008-76,Del,Feirn,03106 Claremont Point,Pensacola,Florida,32590
1008-77,Alexandros,Dowry,30234 Westridge Circle,Davenport,Iowa,52804
1008-78,Eziechiele,Goodman,59448 Monument Plaza,Boulder,Colorado,80328
1008-79,Alasteir,Koene,5522 Cherokee Way,Honolulu,Hawaii,96815
1008-80,Farrand,Berney,833 Maryland Crossing,Boulder,Colorado,80328
1008-81,Auguste,Ridpath,740 Columbus Center,Aurora,Colorado,80044
1008-82,Doug,Grushin,890 Towne Terrace,Gulfport,Mississippi,39505
1008-83,Zenia,Bigmore,95674 Cody Avenue,Columbia,South Carolina,29220
1008-84,Addy,Athey,370 Forest Run Pass,Seattle,Washington,98185
1008-85,Hermann,Cressy,282 Dwight Court,Marietta,Georgia,30066
1008-86,Will,Kulic,38 Arizona Court,El Paso,Texas,79999
1008-87,Wes,Dodshon,9 Alpine Place,Colorado Springs,Colorado,80945
1008-88,Axe,Moreland,989 Utah Terrace,Knoxville,Tennessee,37924
1008-89,Tito,McCadden,93115 Pawling Lane,Pittsburgh,Pennsylvania,15255
1008-90,Marlow,Dommett,5 Holmberg Road,Springfield,Illinois,62711
1008-91,Tani,Heijne,097 Manley Road,Lexington,Kentucky,40581
1008-92,Standford,Dauby,3688 Chinook Plaza,Milwaukee,Wisconsin,53215
1008-93,Johny,Burnep,369 Schurz Junction,Roanoke,Virginia,24020
1008-94,Reagen,Roggerone,6 Wayridge Road,Reading,Pennsylvania,19610
1008-95,Jonathon,Isitt,69915 Loomis Crossing,New York City,New York,10125
1008-96,Veda,Bollis,97 Sunbrook Court,Ridgely,Maryland,21684
1008-97,Marcille,Kaser,923 Farragut Center,Boulder,Colorado,80310
1008-98,Dew,Alten,7022 Haas Place,Wilmington,Delaware,19886
1008-99,Spence,Gymblett,70 Scott Street,El Paso,Texas,79968
1009-00,Kathye,Looker,10 Upham Trail,Saginaw,Michigan,48609
1009-01,Alphard,Johansson,44 Rieder Road,Boynton Beach,Florida,33436
1009-02,Nicoline,Dulwich,4 East Terrace,Hialeah,Florida,33018
1009-03,Maude,Vanshin,8 Graceland Lane,Saint Louis,Missouri,63126
1009-04,Brigida,Savage,6 Clove Plaza,Erie,Pennsylvania,16522
1009-05,Novelia,Jahnig,174 Vahlen Circle,Boise,Idaho,83716
1009-06,Laurene,Tremontana,458 Eliot Lane,Little Rock,Arkansas,72209
1009-07,Celestina,Auchinleck,181 Ryan Plaza,Schaumburg,Illinois,60193
1009-08,Dorella,Beeck,0 Florence Center,Roanoke,Virginia,24034
1009-09,Willie,de Banke,44899 Troy Plaza,Aurora,Illinois,60505
1009-10,Courtnay,Woollett,8 Commercial Road,Peoria,Illinois,61605
1009-11,Lynnell,Geelan,4 Commercial Alley,Houston,Texas,77050
1009-12,Gus,Dedney,308 Golf Course Center,New York City,New York,10060
1009-13,Viole,McJury,2065 Summer Ridge Street,Aurora,Colorado,80015
1009-14,Analiese,Smitton,128 Twin Pines Way,Aurora,Colorado,80015
1009-15,Ogdon,Stoddard,56 Kropf Pass,Albany,New York,12232
1009-16,Nolie,Stilliard,1904 Portage Center,Hartford,Connecticut,6160
1009-17,Morton,Drust,31637 Aberg Lane,Schenectady,New York,12325
1009-18,Burt,Pape,87001 Grayhawk Crossing,Lexington,Kentucky,40581
1009-19,Charles,Spennock,9 Commercial Avenue,Vero Beach,Florida,32969
1009-20,Brande,Rayman,31 Boyd Park,Detroit,Michigan,48295
1009-21,Kacie,Oxenden,2047 Spenser Place,Louisville,Kentucky,40298
1009-22,Quent,Gascoine,61 Algoma Circle,El Paso,Texas,79984
1009-23,Robenia,Rosendahl,906 Messerschmidt Way,Washington,District of Columbia,20220
1009-24,Mar,Rafferty,91 Pond Avenue,Austin,Texas,78732
1009-25,Regen,Benedikt,85055 Glacier Hill Road,Terre Haute,Indiana,47812
1009-26,Napoleon,Ahrendsen,77 Carioca Avenue,Katy,Texas,77493
1009-27,Tynan,Banasik,2004 Macpherson Parkway,Lehigh Acres,Florida,33972
1009-28,Luigi,Proudler,9955 Sommers Way,Winston Salem,North Carolina,27105
1009-29,Jeana,Shireff,33 Eliot Hill,Miami,Florida,33196
1009-30,Lamont,Hintzer,76 Leroy Road,El Paso,Texas,79928
1009-31,Petr,Waine,50 Carey Parkway,Miami,Florida,33261
1009-32,Kelsy,Kuschel,2988 Manufacturers Street,Port Washington,New York,11054
1009-33,Nettie,Filisov,2 Reinke Hill,Battle Creek,Michigan,49018
1009-34,Merrick,Denley,058 Lien Court,Evansville,Indiana,47737
1009-35,Bette,Verrier,300 Buhler Crossing,Dallas,Texas,75372
1009-36,Markos,Lieber,63932 Washington Parkway,Bethlehem,Pennsylvania,18018
1009-37,Katrinka,Brogan,35660 Hoffman Pass,Stamford,Connecticut,6912
1009-38,Karlee,Chown,1 5th Place,Peoria,Arizona,85383
1009-39,Natal,Heddy,110 Pennsylvania Drive,Huntington,West Virginia,25709
1009-40,Olimpia,Canham,91 Declaration Trail,El Paso,Texas,79934
1009-41,Kristel,Beeswing,50 Westend Pass,Topeka,Kansas,66699
1009-42,Etienne,Heaney,007 Esker Pass,Miami,Florida,33134
1009-43,Laurel,Hatchard,1304 Homewood Plaza,Nashville,Tennessee,37210
1009-44,Karoline,Curgenuer,537 Nancy Court,New Haven,Connecticut,6533
1009-45,Kare,Kears,8920 Elmside Street,Washington,District of Columbia,20299
1009-46,Cindelyn,O'Fergus,11 Pleasure Way,Dearborn,Michigan,48126
1009-47,Vivyan,Halsey,41 Bayside Circle,Little Rock,Arkansas,72222
1009-48,Illa,Wiper,8 Towne Drive,Washington,District of Columbia,20530
1009-49,Jamison,Collard,7199 Dexter Parkway,Austin,Texas,78778
1009-50,Lacy,Cometti,62 Arkansas Crossing,Fresno,California,93704
1009-51,Fredelia,Kittow,85 Bultman Point,Bradenton,Florida,34210
1009-52,Gusella,Kitchenside,057 Clemons Parkway,San Francisco,California,94169
1009-53,Lula,Cumbridge,81 Portage Parkway,Wichita,Kansas,67236
1009-54,Benny,Wellum,804 Fordem Circle,Evansville,Indiana,47705
1009-55,Doralynn,Sansbury,979 Dunning Center,Raleigh,North Carolina,27621
1009-56,Honey,Bloxam,3388 Roxbury Court,Washington,District of Columbia,20029
1009-57,Oliy,Dishmon,6838 Farragut Center,Canton,Ohio,44720
1009-58,Rogers,Dissman,80737 Burrows Parkway,San Antonio,Texas,78250
1009-59,Franni,Carville,10371 Sunnyside Drive,Monroe,Louisiana,71213
1009-60,Mariejeanne,Westnedge,5 Lunder Center,Nashville,Tennessee,37250
1009-61,Reinhold,Danforth,826 Brown Hill,San Antonio,Texas,78240
1009-62,Alfredo,Filippo,3 Shoshone Pass,Lees Summit,Missouri,64082
1009-63,Edithe,Schneidar,99631 Sugar Place,Valley Forge,Pennsylvania,19495
1009-64,Dinah,Keene,20 Charing Cross Avenue,Gastonia,North Carolina,28055
1009-65,Ellissa,Bosward,384 Riverside Parkway,Largo,Florida,33777
1009-66,Nertie,Hannen,52761 Schlimgen Circle,Salt Lake City,Utah,84170
1009-67,Winni,Kensitt,0809 Buell Parkway,Atlanta,Georgia,30316
1009-68,Isabel,Davall,5419 Evergreen Lane,New Hyde Park,New York,11044
1009-69,Pen,Hayers,691 Luster Pass,Hattiesburg,Mississippi,39404
1009-70,Shadow,Mattke,39 Barnett Way,Hartford,Connecticut,6160
1009-71,Anders,Blanc,5980 Elmside Circle,North Little Rock,Arkansas,72118
1009-72,Timmie,Strivens,244 Lawn Terrace,Naples,Florida,34102
1009-73,Tiff,Shuard,7021 Granby Hill,Houston,Texas,77075
1009-74,Cy,Duckit,54 Waxwing Way,Philadelphia,Pennsylvania,19184
1009-75,Marina,Salvati,268 Green Avenue,Worcester,Massachusetts,1605
1009-76,Neely,Danks,6 Vahlen Plaza,Los Angeles,California,90045
1009-77,Erma,Minchell,95725 Sullivan Alley,Portsmouth,New Hampshire,214
1009-78,Corbet,Bedham,9631 Caliangt Crossing,Madison,Wisconsin,53785
1009-79,Gannie,Preator,4 2nd Park,Des Moines,Iowa,50335
1009-80,Arlie,O'Crowley,312 Grim Crossing,Lynchburg,Virginia,24503
1009-81,Tait,De la Yglesia,7 Norway Maple Alley,Austin,Texas,78769
1009-82,Lucian,MacCard,2 Russell Plaza,Atlanta,Georgia,30311
1009-83,Christian,Getty,935 Hazelcrest Circle,Bethlehem,Pennsylvania,18018
1009-84,Emyle,Nowell,3 Algoma Court,San Bernardino,California,92415
1009-85,Misha,Goodayle,2 La Follette Plaza,Shawnee Mission,Kansas,66220
1009-86,Hilda,Spinke,3 Lyons Trail,Washington,District of Columbia,20508
1009-87,Cassandry,Grzes,7053 Talisman Lane,Reston,Virginia,20195
1009-88,Fleming,Capozzi,76 Lakewood Gardens Place,Washington,District of Columbia,20409
1009-89,Mersey,Fursse,07066 Rutledge Parkway,Fort Worth,Texas,76110
1009-90,Adelheid,Seares,3904 Sugar Road,Los Angeles,California,90040
1009-91,Tracie,Bagnell,3 Warrior Lane,Spartanburg,South Carolina,29305
1009-92,Astrid,Ryam,1684 Arapahoe Drive,Pensacola,Florida,32520
1009-93,Roderich,Bastow,9 Barnett Way,Flushing,New York,11355
1009-94,Willyt,Jacobsz,55 Hollow Ridge Drive,Frankfort,Kentucky,40618
1009-95,Ellene,MacUchadair,2387 Claremont Parkway,Bronx,New York,10469
1009-96,Riordan,Tatlowe,4 Pleasure Crossing,Charlotte,North Carolina,28205
1009-97,Hally,Mathews,02 Village Circle,Winter Haven,Florida,33884
1009-98,Nettle,Quan,6074 Hovde Drive,Orange,California,92668
1009-99,Reyna,Dockwray,48 Straubel Court,Johnstown,Pennsylvania,15906
1010-00,Jourdain,Karpman,0436 Norway Maple Point,Saint Louis,Missouri,63167
1010-01,Madeleine,Bondesen,606 Mallard Pass,Columbus,Ohio,43268
1010-02,Bruno,Scurlock,8 Southridge Parkway,Washington,District of Columbia,20546
1010-03,Dorette,Nend,44 Sheridan Terrace,Hyattsville,Maryland,20784
1010-04,Alex,Beardall,4375 Linden Hill,Augusta,Georgia,30919
1010-05,Fredrick,Saurat,365 Mccormick Trail,Albuquerque,New Mexico,87190
1010-06,Tabbitha,Bolles,770 Rowland Trail,Washington,District of Columbia,20319
1010-07,Philipa,Eusden,1 Gateway Street,Troy,Michigan,48098
1010-08,Addison,Haps,907 Susan Center,Salt Lake City,Utah,84145
1010-09,Leola,Michael,66 Randy Trail,Columbus,Ohio,43226
1010-10,Allyn,Voice,4 Lillian Alley,Kansas City,Missouri,64149
1010-11,Ev,Stove,3 Corscot Crossing,San Francisco,California,94177
1010-12,Javier,McKechnie,008 Lawn Drive,Columbia,Missouri,65211
1010-13,Mag,Fosbraey,2 Everett Pass,Newton,Massachusetts,2458
1010-14,Elvin,Sarginson,6 Messerschmidt Avenue,Miami,Florida,33245
1010-15,Wilhelmine,Feldmann,59178 Clove Park,Port Saint Lucie,Florida,34985
1010-16,Andris,Gleaves,14560 Burrows Place,San Luis Obispo,California,93407
1010-17,Scott,Huebner,58 Blaine Street,Memphis,Tennessee,38143
1010-18,Bobette,Hinstock,8 Fallview Avenue,Charleston,West Virginia,25356
1010-19,Kristien,McPhail,17 Evergreen Point,Terre Haute,Indiana,47812
1010-20,Mab,McNicol,213 Petterle Park,Miami,Florida,33180
1010-21,Cara,Ravel,75616 Coolidge Trail,Birmingham,Alabama,35285
1010-22,Christophe,Brooke,90 Mccormick Circle,Lubbock,Texas,79410
1010-23,Nataline,Scrowton,33 Namekagon Way,Lexington,Kentucky,40524
1010-24,Masha,Tremethack,7648 Vahlen Terrace,Saint Paul,Minnesota,55166
1010-25,Danielle,Edland,4 Memorial Parkway,Charlotte,North Carolina,28242
1010-26,Marlane,Wreath,805 Russell Plaza,Bakersfield,California,93386
1010-27,Base,McIlwain,982 Esch Parkway,Seattle,Washington,98109
1010-28,Johan,Maith,76 Stoughton Crossing,Washington,District of Columbia,20551
1010-29,Sigrid,Martusov,3 Calypso Avenue,Amarillo,Texas,79105
1010-30,Cleo,Stapele,5 Gulseth Lane,Kansas City,Missouri,64130
1010-31,Nalani,Erridge,33495 Manufacturers Crossing,Los Angeles,California,90094
1010-32,Josie,Dreier,27 Hooker Street,Memphis,Tennessee,38181
1010-33,Von,MacGillreich,6604 Lindbergh Pass,Houston,Texas,77025
